prestador	tipo	siges_sucursal_id	empresa	sucursal	decision	motivo	discrepancia_km_o_location_type	formatted_address
SAN JUAN	coord	5013	Arcos Dorados (Mc Donalds)	JN2 - San Juan 2 (15)	DEJADO	ningún candidato ROOFTOP en 'RIVADAVIA' (estado=ambigua)	0:GEOMETRIC_CENTER,1:GEOMETRIC_CENTER	Jose Bonifacio Bolaños, J5406 Rivadavia, San Juan, Argentina; José Hernandez, J5400 Rivadavia, San Juan, Argentina
SAN JUAN	coord	754	Disco	SM 193	DEJADO	ningún candidato ROOFTOP en 'DESAMPARADOS' (estado=ambigua)	0:GEOMETRIC_CENTER	Roger Ballet y Av. Libertador, J5406 San Juan, Argentina
SAN JUAN	coord	790	Disco	SM 412	DEJADO	ningún candidato ROOFTOP en 'VILLA RIVADAVIA' (estado=ambigua)	0:RANGE_INTERPOLATED,1:GEOMETRIC_CENTER	Av. del Libertador 5091, G4200 Santiago del Estero, Argentina; Av. Rivadavia, G4200 Santiago del Estero, Argentina
SAN JUAN	coord	792	Disco	SM 414	DEJADO	ningún candidato ROOFTOP en 'BARRIO OBRERO RAWSON' (estado=ambigua)	0:ROOFTOP	Blvd. Sarmiento Oeste 420, J5425 Villa Krause, San Juan, Argentina
SAN JUAN	coord	775	Disco	SM 815	DEJADO	ningún candidato ROOFTOP en 'BARRIO OBRERO RAWSON' (estado=ambigua)	0:ROOFTOP	República del Líbano 297, J5425 Rawson, San Juan, Argentina
SAN JUAN	coord	4105	JRASA	SM 544 San Juan	DEJADO	ningún candidato ROOFTOP en 'VILLA RIVADAVIA' (estado=ambigua)	0:APPROXIMATE	Rivadavia Department, Santiago del Estero Province, Argentina
SAN JUAN	coord	1526	Molinos Río de la Plata	Los Robles	DEJADO	ningún candidato ROOFTOP en 'SANTA LUCIA' (estado=ambigua)	0:GEOMETRIC_CENTER	RN20, Santa Lucía, San Juan, Argentina
SAN JUAN	coord	1463	Molinos Río de la Plata	Santa Lucía	DEJADO	ningún candidato ROOFTOP en 'SANTA LUCIA' (estado=ambigua)	0:GEOMETRIC_CENTER	RN20, Santa Lucía, San Juan, Argentina
SAN JUAN	coord	2265	NO USAR - PST San Juan - Grupo MAURE	San Juan	DEJADO	ningún candidato ROOFTOP en 'SAN JUAN' (estado=ambigua)	0:GEOMETRIC_CENTER	J5400, San Juan Province, Argentina
SAN JUAN	coord	8225	Pago Facil	C.S. San Juan	DEJADO	ningún candidato ROOFTOP en 'SAN JUAN' (estado=ambigua)	0:APPROXIMATE	San Juan, San Juan Province, Argentina
SAN JUAN	coord	5501	Pago Facil	Libertad San Juan	DEJADO	ningún candidato ROOFTOP en 'SAN JUAN' (estado=ambigua)	0:GEOMETRIC_CENTER	Av. Circunvalación, San Juan, Argentina
SAN JUAN	coord	3387	Pertenecer SRL	San Juan	DEJADO	ningún candidato ROOFTOP en 'SAN JUAN' (estado=ambigua)	0:GEOMETRIC_CENTER	Roger Ballet y Av. Libertador, J5406 San Juan, Argentina
SAN JUAN	coord	3168	Sancor Cooperativas Limitada	Operador Comercial (Lac.  San Juan)	DEJADO	ningún candidato ROOFTOP en 'SAN JUAN' (estado=ambigua)	0:APPROXIMATE	San Juan, San Juan Province, Argentina
SAN JUAN	coord	5357	Walmart	1081 - CH+ Rawson SJ	DEJADO	ningún candidato ROOFTOP en 'BARRIO OBRERO RAWSON' (estado=ambigua)	0:GEOMETRIC_CENTER	Doctor Ortega & Las Vicentinas, J5425 Villa Krause, San Juan, Argentina
PENTACOM	coord	6701	ARSA	Congelados Centro	DEJADO	ningún ROOFTOP exacto en 'CORDOBA' (0 ROOFTOP de 4 candidatos, estado ambigua)	GEOMETRIC_CENTER/pm,GEOMETRIC_CENTER/pm,GEOMETRIC_CENTER/pm,GEOMETRIC_CENTER/pm	Avenida Malvinas Argentinas, Yofre Norte, Córdoba, Municipio de Córdoba, Pedanía Capital, Departamento Capital, Córdoba, X5012, Argentina
PENTACOM	coord	4378	Arcos Dorados (Mc Donalds)	CSC - Cordoba Shopping Center (164)	DEJADO	ningún ROOFTOP exacto en 'CORDOBA' (0 ROOFTOP de 1 candidatos, estado ambigua)	APPROXIMATE/pm	Córdoba, Córdoba Province, Argentina
PENTACOM	coord	4380	Arcos Dorados (Mc Donalds)	LIC - Hipermercado Libertad Córdoba (166)	DEJADO	ningún ROOFTOP exacto en 'CORDOBA' (0 ROOFTOP de 1 candidatos, estado ambigua)	GEOMETRIC_CENTER/pm	Manuel Cardeñosa, Córdoba, Argentina
PENTACOM	coord	5515	Banco Santander Río	531 - CRUZ DEL EJE	DEJADO	ningún ROOFTOP exacto en 'CRUZ DEL EJE' (0 ROOFTOP de 2 candidatos, estado ambigua)	GEOMETRIC_CENTER/pm,GEOMETRIC_CENTER/pm	Rivadavia, Cruz del Eje, Municipio de Cruz del Eje, Pedanía Cruz del Eje, Departamento Cruz del Eje, Córdoba, X5280, Argentina
PENTACOM	coord	6461	Banco Santander Río	712 - CITIBANK - Córdoba	DEJADO	ningún ROOFTOP exacto en 'CORDOBA' (5 ROOFTOP de 5 candidatos, estado ambigua)	ROOFTOP,ROOFTOP,ROOFTOP,ROOFTOP,ROOFTOP	104, Avenida Rivadavia, Zona A, Villa Parque Santa Ana, Comuna de Villa Parque Santa ana, Pedanía Lagunilla, Departamento Santa María, Córdoba, X5186, Argentina
PENTACOM	coord	6129	Banco Santander Río	Instituto universitario Aeronautico Argentino	DEJADO	ningún ROOFTOP exacto en 'CORDOBA' (0 ROOFTOP de 3 candidatos, estado ambigua)	GEOMETRIC_CENTER/pm,GEOMETRIC_CENTER/pm,GEOMETRIC_CENTER/pm	Fuerza Aérea Argentina, Municipio de Marcos Juárez, Pedanía Espinillos, Departamento Marcos Juárez, Córdoba, X2580, Argentina
PENTACOM	coord	6237	Efectivo Si	EFECTIVO SI - Hiper Libertad Cordoba	DEJADO	ningún ROOFTOP exacto en 'CORDOBA' (1 ROOFTOP de 5 candidatos, estado ambigua)	GEOMETRIC_CENTER/pm,GEOMETRIC_CENTER/pm,GEOMETRIC_CENTER/pm,ROOFTOP,GEOMETRIC_CENTER/pm	Avenida Sabattini, Crisol Norte, Córdoba, Municipio de Córdoba, Pedanía Capital, Departamento Capital, Córdoba, X5014, Argentina
PENTACOM	coord	3855	Galeno	CM Córdoba	DEJADO	varios ROOFTOP exactos en 'CORDOBA' (idx [0, 1])	ROOFTOP,ROOFTOP,ROOFTOP,ROOFTOP,ROOFTOP	276, Sarmiento, Centro, Córdoba, Municipio de Córdoba, Pedanía Capital, Departamento Capital, Córdoba, X5000, Argentina | 276, Sarmiento, San Francisco, Córdoba, Municipio de Córdoba, Pedanía Capital, Departamento Capital, Córdoba, X5000, Argentina
PENTACOM	coord	1417	Grupo Pilar S.A.	Córdoba	DEJADO	ningún ROOFTOP exacto en 'PILAR' (0 ROOFTOP de 5 candidatos, estado ambigua)	GEOMETRIC_CENTER/pm,GEOMETRIC_CENTER/pm,GEOMETRIC_CENTER/pm,GEOMETRIC_CENTER/pm,GEOMETRIC_CENTER/pm	Ruta Provincial 34, Peruzzotti, San Francisco, Partido del Pilar, Buenos Aires, 1639, Argentina
PENTACOM	coord	4592	Manpower	CBA. Administracion Centro	DEJADO	sin candidatos (estado sin_resultados)	sin candidatos	
PENTACOM	coord	4581	Manpower	Cerro de las Rosas	DEJADO	ningún ROOFTOP exacto en 'CORDOBA' (0 ROOFTOP de 1 candidatos, estado ambigua)	GEOMETRIC_CENTER/pm	Rafael Nuñez 4663, X5000 Córdoba, Argentina
PENTACOM	coord	3426	OCA	Centro de Imposición Córdoba	DEJADO	ningún ROOFTOP exacto en 'CORDOBA' (5 ROOFTOP de 5 candidatos, estado ambigua)	ROOFTOP,ROOFTOP,ROOFTOP,ROOFTOP,ROOFTOP	84, Alvear, Laborde, Municipio de Laborde, Pedanía Ascasubi, Departamento Unión, Córdoba, 2657, Argentina
PENTACOM	coord	3964	OCA	GRAN CORDOBA	DEJADO	varios ROOFTOP exactos en 'CORDOBA' (idx [2, 3])	ROOFTOP,ROOFTOP,ROOFTOP,ROOFTOP	"550, Miguel de Cervantes, Villa  de Emergencia  ""Los Galpones"", Alta Córdoba, Córdoba, Municipio de Córdoba, Pedanía Capital, Departamento Capital, Córdoba, X5001, Argentina | 550, Alejandro Magariños Cervantes, General Bustos, Córdoba, Municipio de Córdoba, Pedanía Capital, Departamento Capital, Córdoba, X5001, Argentina"
PENTACOM	coord	3702	OCA	Operador Córdoba	DEJADO	varios ROOFTOP exactos en 'CORDOBA' (idx [2, 3])	ROOFTOP,ROOFTOP,ROOFTOP,ROOFTOP	"550, Miguel de Cervantes, Villa  de Emergencia  ""Los Galpones"", Alta Córdoba, Córdoba, Municipio de Córdoba, Pedanía Capital, Departamento Capital, Córdoba, X5001, Argentina | 550, Alejandro Magariños Cervantes, General Bustos, Córdoba, Municipio de Córdoba, Pedanía Capital, Departamento Capital, Córdoba, X5001, Argentina"
PENTACOM	coord	4052	OCA	SAVANTH PHARMA	DEJADO	sin candidatos (estado sin_resultados)	sin candidatos	
PENTACOM	coord	6326	Praxair Argentina SRL	Córdoba	DEJADO	ningún ROOFTOP exacto en 'CORDOBA' (1 ROOFTOP de 2 candidatos, estado ambigua)	ROOFTOP/pm,GEOMETRIC_CENTER/pm	Av. Cjal. Felipe Belardinelli 4685, X5016 Córdoba, Argentina
PENTACOM	coord	955	Salta Refrescos ATANOR	Ingenio Marapa	DEJADO	sin candidatos (estado sin_direccion)	sin candidatos	
PENTACOM	coord	1046	Sancor Cooperativas Limitada	Córdoba - Concesionario ABRATTE	DEJADO	varios ROOFTOP exactos en 'VILLA CARLOS PAZ' (idx [0, 1])	ROOFTOP,ROOFTOP	1823, Avenida San Martín, Altos de las Vertientes, Villa Carlos Paz, Municipio de Villa Carlos Paz, Pedanía San Roque, Departamento Punilla, Córdoba, 5152, Argentina | 1823, Avenida San Martín, Costa Azul Sur, Villa Carlos Paz, Municipio de Villa Carlos Paz, Pedanía San Roque, Departamento Punilla, Córdoba, 5152, Argentina
PENTACOM	coord	606	Sancor Cooperativas Limitada	Córdoba - Concesionario LUDUEÑA	DEJADO	sin candidatos (estado sin_resultados)	sin candidatos	
PENTACOM	coord	1045	Sancor Cooperativas Limitada	Villa Vaudagna	DEJADO	sin candidatos (estado sin_resultados)	sin candidatos	
PENTACOM	coord	4130	Saputo	Tio Pujio	DEJADO	ningún ROOFTOP exacto en 'TIO PUJIO' (0 ROOFTOP de 1 candidatos, estado ambigua)	APPROXIMATE/pm	Tío Pujio, Córdoba Province, Argentina
SUPERNOVA	coord	4311	Arcos Dorados (Mc Donalds)	CFR - Alto Rosario Shopping (191)	DEJADO	ningún candidato ROOFTOP exacto en 'ROSARIO' (1 candidatos: GEOMETRIC_CENTER)	GEOMETRIC_CENTER	Junín 501, S2000 Rosario, Santa Fe, Argentina
SUPERNOVA	coord	4312	Arcos Dorados (Mc Donalds)	CPR - Club Provincial Rosario (192)	DEJADO	estado sin_resultados, sin candidatos	sin_resultados	
SUPERNOVA	coord	4459	Arcos Dorados (Mc Donalds)	Rosario	DEJADO	4 candidatos ROOFTOP en 'ROSARIO', ambiguo	ROOFTOP;ROOFTOP;ROOFTOP;ROOFTOP	Shopping del Siglo, 1643, Córdoba, Paseo del Siglo, Martin, Rosario Centro, Distrito Centro, Rosario, Municipio de Rosario, Gran Rosario, Departamento Rosario, Santa Fe, S2000AWY, Argentina
SUPERNOVA	coord	3620	Assist Card	Implant (CABA)	DEJADO	2 candidatos ROOFTOP en 'ROSARIO', ambiguo	ROOFTOP;ROOFTOP	816, Peatonal San Martín, Martin, Rosario Centro, Distrito Centro, Rosario, Municipio de Rosario, Gran Rosario, Departamento Rosario, Santa Fe, 2000, Argentina
SUPERNOVA	coord	6737	Banco Santander Río	Oficina de Transición de Sanford	DEJADO	estado sin_resultados, sin candidatos	sin_resultados	
SUPERNOVA	coord	4985	Calico	Rosario 2	DEJADO	2 candidatos ROOFTOP en 'ROSARIO', ambiguo	ROOFTOP;ROOFTOP	7640, Avenida Presidente Perón, Distrito Industrial Presidente Perón, Godoy, Distrito Oeste, Rosario, Municipio de Rosario, Gran Rosario, Departamento Rosario, Santa Fe, S2000, Argentina
SUPERNOVA	coord	5174	Celsur Logistica S.A.	Planta GM Rosario - Porteria Celsur	DEJADO	estado sin_resultados, sin candidatos	sin_resultados	
SUPERNOVA	coord	4780	Efectivo Si	EFECTIVO SI - Rosario II	DEJADO	ningún candidato ROOFTOP exacto en 'ROSARIO' (5 candidatos: GEOMETRIC_CENTER/partial;GEOMETRIC_CENTER/partial;GEOMETRIC_CENTER/partial;GEOMETRIC_CENTER/partial;GEOMETRIC_CENTER/partial)	GEOMETRIC_CENTER/partial;GEOMETRIC_CENTER/partial;GEOMETRIC_CENTER/partial;GEOMETRIC_CENTER/partial;GEOMETRIC_CENTER/partial	Avenida José de San Martín, Presidente Roque Saenz Peña, Distrito Sur, Rosario, Municipio de Rosario, Gran Rosario, Departamento Rosario, Santa Fe, S2000, Argentina
SUPERNOVA	coord	4786	Efectivo Si	EFECTIVO SI - San Lorenzo	DEJADO	ningún candidato ROOFTOP exacto en 'SAN LORENZO' (1 candidatos: GEOMETRIC_CENTER/partial)	GEOMETRIC_CENTER/partial	San Martín, San Lorenzo, Municipio de San Lorenzo, Gran Rosario, Departamento San Lorenzo, Santa Fe, Argentina
SUPERNOVA	coord	4041	Galeno - COLONOS	Sucursal Rosario- Santa Fe  ART	DEJADO	3 candidatos ROOFTOP en 'ROSARIO', ambiguo	ROOFTOP;ROOFTOP;ROOFTOP	1556, Salta, Martin, Rosario Centro, Distrito Centro, Rosario, Municipio de Rosario, Gran Rosario, Departamento Rosario, Santa Fe, 2000, Argentina
SUPERNOVA	coord	3413	Nutrien	Depòsito Portuario (Ponal Group)	DEJADO	estado sin_resultados, sin candidatos	sin_resultados	
SUPERNOVA	coord	3242	Nutrien	Sucursal Timbues	DEJADO	estado sin_resultados, sin candidatos	sin_resultados	
SUPERNOVA	coord	5222	Quickfood S.A.	Arroyo Seco	DEJADO	ningún candidato ROOFTOP exacto en 'ARROYO SECO' (1 candidatos: RANGE_INTERPOLATED/partial)	RANGE_INTERPOLATED/partial	Salk 945, S2128 Arroyo Seco, Santa Fe, Argentina
SUPERNOVA	coord	8512	Quickfood S.A.	Pueblo Esther	DEJADO	estado sin_resultados, sin candidatos	sin_resultados	
SUPERNOVA	coord	4887	Sancor Cooperativas Limitada	Hostal del Sol	DEJADO	5 candidatos ROOFTOP en 'ROSARIO', ambiguo	ROOFTOP;ROOFTOP;ROOFTOP;ROOFTOP;ROOFTOP	1501 A, Perú, Belgrano, Distrito Noroeste, Rosario, Municipio de Rosario, Gran Rosario, Departamento Rosario, Santa Fe, 2008, Argentina
SUPERNOVA	coord	8539	Solanas	Rosario II	DEJADO	ningún candidato ROOFTOP exacto en 'ROSARIO' (1 candidatos: GEOMETRIC_CENTER/partial)	GEOMETRIC_CENTER/partial	Madres Plaza 25 de Mayo, Puerto Norte, Islas Malvinas, Distrito Norte, Rosario, Municipio de Rosario, Gran Rosario, Departamento Rosario, Santa Fe, S2000, Argentina
INFOMAC	coord	4580	Manpower	Bariloche	DEJADO	ningún candidato ROOFTOP exacto en 'SAN CARLOS DE BARILOCHE' (1 candidatos: ROOFTOP/partial)	ROOFTOP/partial	Mitre 265, R8400 San Carlos de Bariloche, Río Negro, Argentina
INFOMAC	coord	3785	Molino Cañuelas	Villa Mercedes	DEJADO	estado sin_resultados, sin candidatos	sin_resultados	
SUPERNOVA	coord	4311	Arcos Dorados (Mc Donalds)	CFR - Alto Rosario Shopping (191)	DEJADO	ningún candidato ROOFTOP exacto en 'ROSARIO' (1 candidatos: GEOMETRIC_CENTER)	GEOMETRIC_CENTER	Junín 501, S2000 Rosario, Santa Fe, Argentina
SUPERNOVA	coord	4312	Arcos Dorados (Mc Donalds)	CPR - Club Provincial Rosario (192)	DEJADO	estado sin_resultados, sin candidatos	sin_resultados	
SUPERNOVA	coord	4459	Arcos Dorados (Mc Donalds)	Rosario	DEJADO	4 candidatos ROOFTOP en 'ROSARIO', ambiguo	ROOFTOP;ROOFTOP;ROOFTOP;ROOFTOP	Shopping del Siglo, 1643, Córdoba, Paseo del Siglo, Martin, Rosario Centro, Distrito Centro, Rosario, Municipio de Rosario, Gran Rosario, Departamento Rosario, Santa Fe, S2000AWY, Argentina
SUPERNOVA	coord	3620	Assist Card	Implant (CABA)	DEJADO	2 candidatos ROOFTOP en 'ROSARIO', ambiguo	ROOFTOP;ROOFTOP	816, Peatonal San Martín, Martin, Rosario Centro, Distrito Centro, Rosario, Municipio de Rosario, Gran Rosario, Departamento Rosario, Santa Fe, 2000, Argentina
SUPERNOVA	coord	6737	Banco Santander Río	Oficina de Transición de Sanford	DEJADO	estado sin_resultados, sin candidatos	sin_resultados	
SUPERNOVA	coord	4985	Calico	Rosario 2	DEJADO	2 candidatos ROOFTOP en 'ROSARIO', ambiguo	ROOFTOP;ROOFTOP	7640, Avenida Presidente Perón, Distrito Industrial Presidente Perón, Godoy, Distrito Oeste, Rosario, Municipio de Rosario, Gran Rosario, Departamento Rosario, Santa Fe, S2000, Argentina
SUPERNOVA	coord	5174	Celsur Logistica S.A.	Planta GM Rosario - Porteria Celsur	DEJADO	estado sin_resultados, sin candidatos	sin_resultados	
SUPERNOVA	coord	4780	Efectivo Si	EFECTIVO SI - Rosario II	DEJADO	ningún candidato ROOFTOP exacto en 'ROSARIO' (5 candidatos: GEOMETRIC_CENTER/partial;GEOMETRIC_CENTER/partial;GEOMETRIC_CENTER/partial;GEOMETRIC_CENTER/partial;GEOMETRIC_CENTER/partial)	GEOMETRIC_CENTER/partial;GEOMETRIC_CENTER/partial;GEOMETRIC_CENTER/partial;GEOMETRIC_CENTER/partial;GEOMETRIC_CENTER/partial	Avenida José de San Martín, Presidente Roque Saenz Peña, Distrito Sur, Rosario, Municipio de Rosario, Gran Rosario, Departamento Rosario, Santa Fe, S2000, Argentina
SUPERNOVA	coord	4786	Efectivo Si	EFECTIVO SI - San Lorenzo	DEJADO	ningún candidato ROOFTOP exacto en 'SAN LORENZO' (1 candidatos: GEOMETRIC_CENTER/partial)	GEOMETRIC_CENTER/partial	San Martín, San Lorenzo, Municipio de San Lorenzo, Gran Rosario, Departamento San Lorenzo, Santa Fe, Argentina
SUPERNOVA	coord	4041	Galeno - COLONOS	Sucursal Rosario- Santa Fe  ART	DEJADO	3 candidatos ROOFTOP en 'ROSARIO', ambiguo	ROOFTOP;ROOFTOP;ROOFTOP	1556, Salta, Martin, Rosario Centro, Distrito Centro, Rosario, Municipio de Rosario, Gran Rosario, Departamento Rosario, Santa Fe, 2000, Argentina
SUPERNOVA	coord	3413	Nutrien	Depòsito Portuario (Ponal Group)	DEJADO	estado sin_resultados, sin candidatos	sin_resultados	
SUPERNOVA	coord	3242	Nutrien	Sucursal Timbues	DEJADO	estado sin_resultados, sin candidatos	sin_resultados	
SUPERNOVA	coord	5222	Quickfood S.A.	Arroyo Seco	DEJADO	ningún candidato ROOFTOP exacto en 'ARROYO SECO' (1 candidatos: RANGE_INTERPOLATED/partial)	RANGE_INTERPOLATED/partial	Salk 945, S2128 Arroyo Seco, Santa Fe, Argentina
SUPERNOVA	coord	8512	Quickfood S.A.	Pueblo Esther	DEJADO	estado sin_resultados, sin candidatos	sin_resultados	
SUPERNOVA	coord	4887	Sancor Cooperativas Limitada	Hostal del Sol	DEJADO	5 candidatos ROOFTOP en 'ROSARIO', ambiguo	ROOFTOP;ROOFTOP;ROOFTOP;ROOFTOP;ROOFTOP	1501 A, Perú, Belgrano, Distrito Noroeste, Rosario, Municipio de Rosario, Gran Rosario, Departamento Rosario, Santa Fe, 2008, Argentina
SUPERNOVA	coord	8539	Solanas	Rosario II	DEJADO	ningún candidato ROOFTOP exacto en 'ROSARIO' (1 candidatos: GEOMETRIC_CENTER/partial)	GEOMETRIC_CENTER/partial	Madres Plaza 25 de Mayo, Puerto Norte, Islas Malvinas, Distrito Norte, Rosario, Municipio de Rosario, Gran Rosario, Departamento Rosario, Santa Fe, S2000, Argentina
INFOMAC	coord	4580	Manpower	Bariloche	DEJADO	ningún candidato ROOFTOP exacto en 'SAN CARLOS DE BARILOCHE' (1 candidatos: ROOFTOP/partial)	ROOFTOP/partial	Mitre 265, R8400 San Carlos de Bariloche, Río Negro, Argentina
INFOMAC	coord	3785	Molino Cañuelas	Villa Mercedes	DEJADO	estado sin_resultados, sin candidatos	sin_resultados	
MENDOZA	coord	6004	Banco Santander Río	546 -Tunuyán	DEJADO	ningún candidato ROOFTOP+match completo en localidad 'TUNUYAN'	[0] GEOMETRIC_CENTER/pm=True/trunk,road; [1] GEOMETRIC_CENTER/pm=True/trunk,road; [2] GEOMETRIC_CENTER/pm=True/trunk,road; [3] GEOMETRIC_CENTER/pm=True/trunk,road	
MENDOZA	coord	6457	Banco Santander Río	709 - CITIBANK - Palmares	DEJADO	ningún candidato ROOFTOP+match completo en localidad 'MENDOZA'	[0] ROOFTOP/pm=False/mall,shop; [1] ROOFTOP/pm=False/mobile_phone,shop; [2] ROOFTOP/pm=False/bank,amenity; [3] ROOFTOP/pm=False/ice_cream,amenity; [4] ROOFTOP/pm=False/fast_food,amenity	
MENDOZA	coord	3465	Cepas Argentinas	Viniterra	DEJADO	ningún candidato ROOFTOP+match completo en localidad 'LUJAN DE CUYO'	[0] GEOMETRIC_CENTER/pm=True/motorway,road; [1] GEOMETRIC_CENTER/pm=True/motorway,road; [2] GEOMETRIC_CENTER/pm=True/motorway,road	
MENDOZA	coord	6238	Efectivo Si	EFECTIVO SI - Hiper Libertad  Godoy Cruz ( Mendoza )	DEJADO	sin candidatos (estado=sin_resultados)		
MENDOZA	coord	3873	Galeno - COLONOS	Centro Medico Mendoza(NO USAR)	DEJADO	sin candidatos (estado=sin_resultados)		
MENDOZA	coord	4455	Galeno - COLONOS	Guaymallen	DEJADO	sin candidatos (estado=sin_resultados)		
MENDOZA	coord	6395	Peñaflor	Navarro Correas - Agrelo	DEJADO	ningún candidato ROOFTOP+match completo en localidad 'LUJAN DE CUYO'	[0] GEOMETRIC_CENTER/pm=True/route	
MENDOZA	coord	1540	Peñaflor - BVA	Maipú	DEJADO	ningún candidato ROOFTOP+match completo en localidad 'MAIPU'	[0] APPROXIMATE/pm=True/locality,political	
MENDOZA	coord	6334	Praxair Argentina SRL	Mendoza	DEJADO	ningún candidato ROOFTOP+match completo en localidad 'MENDOZA'	[0] GEOMETRIC_CENTER/pm=True/route	
SM TUCUMAN	coord	4799	Efectivo Si	EFECTIVO SI - Tucuman II	DEJADO	ningún candidato ROOFTOP+match completo en localidad 'SAN MIGUEL DE TUCUMAN'	[0] GEOMETRIC_CENTER/pm=True/quarter,quarter	
SM TUCUMAN	coord	4048	Galeno - COLONOS	Sucursal Tucuman- ART	DEJADO	varios candidatos ROOFTOP en localidad 'SAN MIGUEL DE TUCUMAN': idx [0, 1]	[0] ROOFTOP/pm=False/house,place; [1] ROOFTOP/pm=False/house,place	
LA RIOJA	coord	4102	Canale	Valle Viejo	DEJADO	ningún candidato ROOFTOP+match completo en localidad 'SAN FDO DEL VALLE DE CATAMARCA'	[0] GEOMETRIC_CENTER/pm=False/route	
LA RIOJA	coord	7709	Citrusvil S.A.	San Pedro de Guasayan	DEJADO	ningún candidato ROOFTOP+match completo en localidad 'SANTA ROSA'	[0] APPROXIMATE/pm=True/locality,political	
LA RIOJA	coord	5503	Pago Facil	Chango Mas Catamarca	DEJADO	ningún candidato ROOFTOP+match completo en localidad 'SAN FDO DEL VALLE DE CATAMARCA'	[0] GEOMETRIC_CENTER/pm=True/route	
MENDOZA	coord	6004	Banco Santander Río	546 -Tunuyán	DEJADO	ningún candidato ROOFTOP+match completo en localidad 'TUNUYAN'	[0] GEOMETRIC_CENTER/pm=True/trunk,road; [1] GEOMETRIC_CENTER/pm=True/trunk,road; [2] GEOMETRIC_CENTER/pm=True/trunk,road; [3] GEOMETRIC_CENTER/pm=True/trunk,road	
MENDOZA	coord	6457	Banco Santander Río	709 - CITIBANK - Palmares	DEJADO	ningún candidato ROOFTOP+match completo en localidad 'MENDOZA'	[0] ROOFTOP/pm=False/mall,shop; [1] ROOFTOP/pm=False/mobile_phone,shop; [2] ROOFTOP/pm=False/bank,amenity; [3] ROOFTOP/pm=False/ice_cream,amenity; [4] ROOFTOP/pm=False/fast_food,amenity	
MENDOZA	coord	3465	Cepas Argentinas	Viniterra	DEJADO	ningún candidato ROOFTOP+match completo en localidad 'LUJAN DE CUYO'	[0] GEOMETRIC_CENTER/pm=True/motorway,road; [1] GEOMETRIC_CENTER/pm=True/motorway,road; [2] GEOMETRIC_CENTER/pm=True/motorway,road	
MENDOZA	coord	6238	Efectivo Si	EFECTIVO SI - Hiper Libertad  Godoy Cruz ( Mendoza )	DEJADO	sin candidatos (estado=sin_resultados)		
MENDOZA	coord	3873	Galeno - COLONOS	Centro Medico Mendoza(NO USAR)	DEJADO	sin candidatos (estado=sin_resultados)		
MENDOZA	coord	4455	Galeno - COLONOS	Guaymallen	DEJADO	sin candidatos (estado=sin_resultados)		
MENDOZA	coord	6395	Peñaflor	Navarro Correas - Agrelo	DEJADO	ningún candidato ROOFTOP+match completo en localidad 'LUJAN DE CUYO'	[0] GEOMETRIC_CENTER/pm=True/route	
MENDOZA	coord	1540	Peñaflor - BVA	Maipú	DEJADO	ningún candidato ROOFTOP+match completo en localidad 'MAIPU'	[0] APPROXIMATE/pm=True/locality,political	
MENDOZA	coord	6334	Praxair Argentina SRL	Mendoza	DEJADO	ningún candidato ROOFTOP+match completo en localidad 'MENDOZA'	[0] GEOMETRIC_CENTER/pm=True/route	
SM TUCUMAN	coord	4799	Efectivo Si	EFECTIVO SI - Tucuman II	DEJADO	ningún candidato ROOFTOP+match completo en localidad 'SAN MIGUEL DE TUCUMAN'	[0] GEOMETRIC_CENTER/pm=True/quarter,quarter	
SM TUCUMAN	coord	4048	Galeno - COLONOS	Sucursal Tucuman- ART	DEJADO	varios candidatos ROOFTOP en localidad 'SAN MIGUEL DE TUCUMAN': idx [0, 1]	[0] ROOFTOP/pm=False/house,place; [1] ROOFTOP/pm=False/house,place	
LA RIOJA	coord	4102	Canale	Valle Viejo	DEJADO	ningún candidato ROOFTOP+match completo en localidad 'SAN FDO DEL VALLE DE CATAMARCA'	[0] GEOMETRIC_CENTER/pm=False/route	
LA RIOJA	coord	7709	Citrusvil S.A.	San Pedro de Guasayan	DEJADO	ningún candidato ROOFTOP+match completo en localidad 'SANTA ROSA'	[0] APPROXIMATE/pm=True/locality,political	
LA RIOJA	coord	5503	Pago Facil	Chango Mas Catamarca	DEJADO	ningún candidato ROOFTOP+match completo en localidad 'SAN FDO DEL VALLE DE CATAMARCA'	[0] GEOMETRIC_CENTER/pm=True/route	
MACARONE	coord	3058	Adecoagro	Franck - Santa Fe	DEJADO	ningún candidato ROOFTOP exacto en localidad 'FRANCK'	0:GEOMETRIC_CENTER/pm	Ruta Provincial 6, Franck, Municipio de Franck, Departamento Las Colonias, Santa Fe, 3009, Argentina
MACARONE	coord	3003	Adecoagro	San Joaquín	DEJADO	sin candidatos (estado sin_resultados)	sin candidatos	
MACARONE	coord	5534	Banco Santander Río	PDV La Ribera	DEJADO	sin candidatos (estado sin_resultados)	sin candidatos	
MACARONE	coord	4046	Galeno - COLONOS	Sucursal Santa Fe Capital- ART	DEJADO	ningún candidato ROOFTOP exacto en localidad 'SANTA FE'	0:ROOFTOP,1:ROOFTOP,2:ROOFTOP,3:ROOFTOP,4:ROOFTOP	1881, Avenida José de San Martín, Centro, Pérez, Municipio de Pérez, Gran Rosario, Departamento Rosario, Santa Fe, S2121, Argentina
MACARONE	coord	5467	Sancor Cooperativas Limitada	Desvio Arijon	DEJADO	ningún candidato ROOFTOP exacto en localidad 'DESVIO ARIJON'	0:GEOMETRIC_CENTER/pm,1:GEOMETRIC_CENTER/pm,2:GEOMETRIC_CENTER/pm,3:GEOMETRIC_CENTER/pm,4:GEOMETRIC_CENTER/pm	Ruta Nacional 11, Municipio de Desvío Arijón, Departamento San Jerónimo, Santa Fe, Argentina
MACARONE	coord	4191	Sancor Cooperativas Limitada	San Justo - STA FE	DEJADO	sin candidatos (estado sin_resultados)	sin candidatos	
MACARONE	coord	1268	Transfarmaco	Santa Fé	DEJADO	sin candidatos (estado sin_resultados)	sin candidatos	
MDQ	coord	4361	Arcos Dorados (Mc Donalds)	PRM - Peralta Ramos (83)	DEJADO	ningún candidato ROOFTOP exacto en localidad 'MAR DEL PLATA'	0:GEOMETRIC_CENTER	Blvd. Maritimo Patricio Peralta Ramos, B7600 Mar del Plata, Provincia de Buenos Aires, Argentina
MDQ	coord	4251	Arcos Dorados (Mc Donalds)	SMM - Av. San Martin (111)	DEJADO	varios ROOFTOP en la localidad ([0, 1])	0:ROOFTOP,1:ROOFTOP	Peatonal San Martín 2535, B7600GQI Mar del Plata, Provincia de Buenos Aires, Argentina; San Martín 2535, B7606CQE Mar del Plata, Provincia de Buenos Aires, Argentina
MDQ	coord	170	Fargo	Santa Teresita	DEJADO	ningún candidato ROOFTOP exacto en localidad 'SANTA TERESITA'	0:GEOMETRIC_CENTER/pm,1:GEOMETRIC_CENTER/pm,2:GEOMETRIC_CENTER/pm,3:GEOMETRIC_CENTER/pm	Ruta Provincial 11, Barrio San Martín, Santa Teresita, Partido de La Costa, Buenos Aires, 1400, Argentina
MDQ	coord	7215	Provincia Microempresas	6100 - MDP 3 (Luro 2)	DEJADO	ningún candidato ROOFTOP exacto en localidad 'MAR DEL PLATA'	0:GEOMETRIC_CENTER/pm,1:GEOMETRIC_CENTER/pm	Avenida Carlos Tejedor, Parque Luro, Mar del Plata, Partido de General Pueyrredón, Buenos Aires, B7600ARH, Argentina
MDQ	coord	6228	Provincia Microempresas	Balcarce	DEJADO	varios ROOFTOP en la localidad ([0, 1])	0:ROOFTOP,1:ROOFTOP	Banco Provincia, 501, Avenida Gonzales Chaves, El Cruce, San José de Balcarce, Partido de Balcarce, Buenos Aires, 7620, Argentina; 501, Avenida Gonzales Chaves, El Cruce, San José de Balcarce, Partido de Balcarce, Buenos Aires, B7620ELN, Argentina
MDQ	coord	5477	Provincia Microempresas	Santa Teresita	DEJADO	sin candidatos (estado sin_resultados)	sin candidatos	
SAN LUIS	coord	6074	Banco Santander Río	Universidad Catolica de Cuyo - San Luis	DEJADO	sin candidatos (estado sin_resultados)	sin candidatos	
SAN LUIS	coord	6127	Banco Santander Río	Universidad Nacional De San Luis	DEJADO	varios ROOFTOP en la localidad ([0, 1, 2, 3])	0:ROOFTOP,1:ROOFTOP,2:ROOFTOP,3:ROOFTOP	Universidad Nacional de San Luis, 950, Avenida Ejército de los Andes, Zabala Ortiz, San Luis, Municipio de San Luis, Juan Martín de Pueyrredón, San Luis, D5700HHW, Argentina; 950, Avenida Ejército de los Andes, Zabala Ortiz, San Luis, Municipio de San Luis, Juan Martín de Pueyrredón, San Luis, D5700HHW, Argentina; 950, Avenida Ejército de los Andes, Zabala Ortiz, San Luis, Municipio de San Luis, Juan Martín de Pueyrredón, San Luis, D5700HHW, Argentina; E=MC2, 950, Avenida Ejército de los Andes, Zabala Ortiz, San Luis, Municipio de San Luis, Juan Martín de Pueyrredón, San Luis, D5700HHW, Argentina
CHIVILCOY	coord	6782	Los Grobo Agropecuaria	Chivilcoy (Pastasole)	DEJADO	ningún candidato ROOFTOP exacto en localidad 'Km 88'	0:GEOMETRIC_CENTER/pm	Ruta Provincial 30, Chivilcoy, Partido de Chivilcoy, Buenos Aires, 6620, Argentina
POSADAS	coord	4770	Efectivo Si	EFECTIVO SI - Posadas	DEJADO	sin candidatos (estado sin_resultados)	sin candidatos	
SALTA	coord	6210	Arcos Dorados (Mc Donalds)	LIS - Libertad Salta (179)	DEJADO	ningún candidato válido: c0:partialMatch; c1:tipo highway/route	2 cand / ambigua	Av. Tavella y, A4400 Mar Mediterraneo, Salta, Argentina
SALTA	coord	4266	Arcos Dorados (Mc Donalds)	SNS - Shopping NOA Salta (189)	DEJADO	ningún candidato válido: c0:RANGE_INTERPOLATED	1 cand / ambigua	Av. Batalla de Salta 702, A4400 Salta, Argentina
SALTA	coord	6889	Banco Santander Río	Universidad Católica de Salta	DEJADO	estado sin_resultados, sin candidatos	0 cand / sin_resultados	
SALTA	coord	2963	Distribuidora Metropolitana	Salta	DEJADO	ningún candidato válido: c0:RANGE_INTERPOLATED; c1:tipo highway/route; c2:tipo highway/route; c3:tipo highway/route	4 cand / ambigua	Av. Ragone 1161, A4400 Salta, Argentina
SALTA	coord	8212	Efectivo Si	EFECTIVO SI - Hiper Libertad Salta	DEJADO	ningún candidato válido: c0:GEOMETRIC_CENTER; c1:GEOMETRIC_CENTER; c2:GEOMETRIC_CENTER; c3:GEOMETRIC_CENTER; c4:GEOMETRIC_CENTER	5 cand / ambigua	Avenida Monseñor Roberto José Tavella, Bº Parque La Vega, General Alvarado, Salta, Capital, Salta, A4400, Argentina
SALTA	coord	4782	Efectivo Si	EFECTIVO SI - Salta	DEJADO	varios ROOFTOP válidos ([0, 1])	5 cand / ambigua	178, Peatonal Florida, Salta, Capital, Salta, 4400, Argentina
SALTA	coord	5473	Refinor	Urundel	DEJADO	ningún candidato válido: c0:APPROXIMATE	1 cand / ambigua	Urundel, Salta Province, Argentina
CORRIENTES	coord	8211	Efectivo Si	EFECTIVO SI - Hiper Libertad Resistencia	DEJADO	ningún candidato válido: c0:GEOMETRIC_CENTER; c1:GEOMETRIC_CENTER; c2:GEOMETRIC_CENTER; c3:GEOMETRIC_CENTER; c4:GEOMETRIC_CENTER	5 cand / ambigua	Ruta Nacional 11 Juan de Garay, Municipio de Resistencia, Departamento San Fernando, Chaco, Argentina
TUCUMAN	coord	4270	Arcos Dorados (Mc Donalds)	PJT - Portal Jumbo Tucuman (135)	DEJADO	ningún candidato válido: c0:GEOMETRIC_CENTER	1 cand / ambigua	Cariola & Avenida Alfredo Guzmán, T4000 Yerba Buena, Tucumán, Argentina
TUCUMAN	coord	3674	Galeno	Tucumán 2 (ART) (NO USAR)	DEJADO	ningún candidato válido: c0:GEOMETRIC_CENTER	1 cand / ambigua	24 de septiembre, San Miguel de Tucumán, Departamento Capital, Tucumán, T4000, Argentina
TUCUMAN	coord	1570	La Sevillanita	Tucuman	DEJADO	estado sin_resultados, sin candidatos	0 cand / sin_resultados	
TUCUMAN	coord	3815	Molino Cañuelas	Planta Tucumán  - SUC CERRADA	DEJADO	estado sin_resultados, sin candidatos	0 cand / sin_resultados	
TUCUMAN	coord	8669	Molino Cañuelas	Tucumán - Miguel Lilio 365 - SUC CERRADA	DEJADO	estado sin_resultados, sin candidatos	0 cand / sin_resultados	
TUCUMAN	coord	3792	Salta Refrescos (Región Sur)	Lules	DEJADO	estado sin_resultados, sin candidatos	0 cand / sin_resultados	
JUJUY	coord	5336	Walmart	1031 - CH+ Jujuy	DEJADO	ningún candidato válido: c0:tipo highway/route; c1:tipo highway/route	2 cand / ambigua	RN9, San Salvador de Jujuy, Jujuy, Argentina
